run	battle	result	seconds	hp	potions	potionUses	healing	damage	orbs	rewards
1	1	BetweenBattles	38.81	496	3/3	0	0	650	0	
1	2	BetweenBattles	29.65	436	3/3	0	0	500	0	skip;
1	3	BetweenBattles	72.10	98	0/3	3	450	1150	0	skip;skip;
1	4	Defeat	34.33	0	0/3	0	0	499	0	skip;skip;skip;
2	1	BetweenBattles	38.77	496	3/3	0	0	650	0	
2	2	BetweenBattles	29.61	436	3/3	0	0	500	0	제압;
2	3	BetweenBattles	66.28	239	0/4	4	600	1150	0	제압;응급 물약;
2	4	Defeat	155.68	0	0/4	0	0	1362	0	제압;응급 물약;생츄어리;
3	1	BetweenBattles	38.84	496	3/3	0	0	650	0	
3	2	BetweenBattles	40.05	436	3/3	0	0	500	0	생츄어리;
3	3	BetweenBattles	86.43	131	0/3	3	450	1150	0	생츄어리;순환의 스크롤;
3	4	Defeat	50.77	0	0/3	0	0	601	0	생츄어리;순환의 스크롤;순환의 스크롤;
